South,22194
North,24320
Coast,28531
Coast,28537
West,24938
Central,27392
Coast,28513
West,24948
East,24678
West,24942
Central,27407
Coast,28538
Coast,28522
East,24682
East,24681
East,24687
Coast,28525
Central,27379
North,24326
South,22196
Central,27393
East,24674
Island,24925
North,24303
West,24960
West,24935
Central,27387
Central,27394
East,24694
South,22186
Central,27387
East,24687
West,24958
Central,27399
North,24304
East,24698
North,24282
East,24689
West,24936
Central,27379
North,24296
South,22192
Island,24940
East,24699
North,24283
East,24679
Island,24922
South,22172
East,24695
Central,27396
East,24688
Island,24926
South,22186
Central,27387
East,24690
West,24946
Central,27410
East,24681
Coast,28508
South,22169
Central,27394
Island,24908
South,22188
Central,27408
North,24298
East,24685
West,24933
South,22173
Island,24925
Coast,28518
Coast,28501
East,24664
South,22191
Coast,28505
Island,24905
South,22188
Island,24912
Island,24906
Coast,28484
East,24687
West,24956
North,24276
North,24290
North,24272
East,24686
Island,24930
North,24280
Central,27381
West,24931
Island,24918
North,24273
East,24703
West,24952
Island,24928
Central,27397
Coast,28485
North,24285
Central,27384
South,22202
Central,27407
